{
    "min": [
        0.32724434386316054,
        -0.2013819247299404,
        0.015035581288788138,
        0.0,
        0.0,
        -0.035816766408650155,
        -0.03101968422327829,
        -0.033566544468567446,
        -0.03095166727777845,
        -0.033446533123061305,
        1.192433020629251,
        0.5992733856561587,
        0.38488710668577775,
        0.32724434386316054,
        -0.2013819247299404,
        0.015035581288788138
    ],
    "max": [
        1.712907343504536,
        1.5986355356453177,
        1.163222719473893,
        0.00039005554459475893,
        1.170258429434121e-05,
        0.03356092597773995,
        0.03635313802847659,
        0.03228333983661055,
        0.032586005322002724,
        0.028905064397454674,
        1.4914884039613003,
        0.8987312263701286,
        0.6846214276015316,
        1.712907343504536,
        1.5986355356453177,
        1.163222719473893
    ],
    "fixed_dimensions": [
        4
    ],
    "std": [
        0.18095788808217067,
        0.26418486884055403,
        0.16812369952669498,
        1.7426361709434373e-05,
        5.228318624729464e-07,
        0.014709192099826835,
        0.014902150418821874,
        0.014849337491020789,
        0.0011920272033017862,
        0.0011869690160469205,
        0.0853798011415331,
        0.08615237555987117,
        0.08740649153864233,
        0.18095788808217067,
        0.26418486884055403,
        0.16812369952669498
    ]
}