{
    "min": [
        0.32724434386316054,
        -0.2013819247299404,
        0.015035581288788138,
        0.0,
        0.0,
        -0.035816766408650155,
        -0.03101968422327829,
        -0.033566544468567446,
        -0.03095166727777845,
        -0.033446533123061305,
        -0.45024755357129376,
        -0.6995998782456219,
        -0.6871258356805893
    ],
    "max": [
        1.712907343504536,
        1.5986355356453177,
        1.163222719473893,
        0.00039005554459475893,
        1.170258429434121e-05,
        0.03356092597773995,
        0.03635313802847659,
        0.03228333983661055,
        0.032586005322002724,
        0.028905064397454674,
        0.6391713366057257,
        0.7381431618563363,
        0.38747787107552145
    ],
    "fixed_dimensions": [],
    "std": [
        0.18095788808217067,
        0.26418486884055403,
        0.16812369952669498,
        1.7426361709434373e-05,
        5.228318624729464e-07,
        0.014709192099826835,
        0.014902150418821874,
        0.014849337491020789,
        0.0011920272033017862,
        0.0011869690160469205,
        0.14454640646002975,
        0.15691827632998862,
        0.13366391333053326
    ]
}