{
    "min": [
        0.4885003715539657,
        -0.1519220623655878,
        0.015136428016554251,
        0.650801161995847,
        0.17713200157470194,
        0.005724078796337056,
        -0.7047410287976958,
        -0.9418197419582054,
        -1.0874611423025013,
        -2.3477624984243566e-06,
        0.0,
        -3.141592653589793,
        -1.5701978528045593,
        -3.141592653589793,
        -0.07971990514983998,
        -0.077876379319092,
        -0.13435906890796193,
        -2.382948369334643,
        -2.032857004722221,
        -1.0002154269970212,
        -0.03646904287208465,
        -0.034487798340107206,
        -0.03377739254281353,
        -0.029555587626040075,
        -0.03431100194489309,
        -0.8651777715483993,
        -0.6855433143546105,
        -0.09370639362960914
    ],
    "max": [
        1.7141337675955803,
        1.5806148165016491,
        1.140870316637129,
        2.067292421829364,
        1.3842332435328262,
        0.5185986168784675,
        1.0273142388839211,
        0.9943502059535227,
        0.4097558165632293,
        0.0,
        0.0012080142898837608,
        3.141592653589793,
        1.569997605090295,
        3.141592653589793,
        0.08505951762571173,
        0.07548550183361658,
        0.0689063345634646,
        2.1073908035967897,
        2.179680376506373,
        1.1472921918507593,
        0.033942970238620356,
        0.03601200933248341,
        0.032994593925269725,
        0.03356323337968338,
        0.03754001482067097,
        0.7455243891237691,
        0.6496460722261026,
        0.4191681444525213
    ],
    "fixed_dimensions": [
        9
    ],
    "std": [
        0.14250778161780697,
        0.17934086423552315,
        0.11709748731654984,
        0.11230775198764845,
        0.11043144916696968,
        0.04307462153037038,
        0.17885825355652343,
        0.20794987228280004,
        0.12422073880057682,
        1.655963285335239e-07,
        8.520569323412333e-05,
        0.4250370969728428,
        0.22341836960176145,
        0.3757886090360894,
        0.014533588126489309,
        0.01477419358278441,
        0.01460788190353043,
        0.018102538975335227,
        0.018754974077816306,
        0.011925175957605559,
        0.014522055461134673,
        0.014769545783669508,
        0.014507214171774396,
        0.0017263014948481605,
        0.0017201591881605429,
        0.14210376234207533,
        0.14122602796356237,
        0.04307462152887028
    ]
}