{
    "min": [
        0.5172159837020455,
        -0.06023160882722434,
        0.014648519737108071,
        0.5779371026191359,
        -0.4536411923015285,
        0.006077879801437172,
        -0.8757766960610632,
        -1.2780311057869271,
        -1.1080580658054002,
        
        -0.0039032083869396704,
        -0.003918129119766334,
        
        -3.141592653589793,
        -1.5697910512352211,
        -3.141592653589793,
        -0.09442291989776737,
        -0.1206987051582206,
        -0.1420854410171754,
        -2.177911974775834,
        -2.2029919862061975,
        -1.5116668054361915,
        -0.037500521446491006,
        -0.03491597335342856,
        -0.03427570490971183,
        -0.05258924249351056,
        -0.05344315743041071,
        -0.8351806984550267,
        -1.163027516300466,
        -0.19247683769812746
    ],
    "max": [
        1.7168527768484512,
        1.5647814107214588,
        1.149389929413877,
        2.1053054986932014,
        1.8415828565675236,
        0.6173690609469858,
        0.9555834804009965,
        1.414346554993673,
        0.41024372484267546,
        
        0.057270760619577324,
        0.057486626934870125,
        
        3.141592653589793,
        1.5707388100343989,
        3.141592653589793,
        0.08185823237975207,
        0.12548337438473067,
        0.07224682159743265,
        2.1898757452109052,
        2.2357090811407145,
        1.7312419688110463,
        0.0348404733441773,
        0.034601697453999096,
        0.03476166090700252,
        0.07785199963885932,
        0.07711859804606047,
        0.7777596499929208,
        1.1934791337667574,
        0.8594147026981507
    ],
    "fixed_dimensions": [],
    "std": [
        0.14010109252948566,
        0.1767467654627328,
        0.12387022475981428,
        0.11398649513795973,
        0.1234933561776862,
        0.055563726654354426,
        0.17820972114032632,
        0.2148574531647636,
        0.13329397942895563,
        0.017504077479248828,
        0.017502162573991613,
        0.4762947967358564,
        0.21103473195840938,
        0.3963261007249117,
        0.01476354673219996,
        0.015098501566051845,
        0.015027551525597255,
        0.024913435231888086,
        0.02067588968787517,
        0.017396702586843414,
        0.014736869221243891,
        0.014992666704283213,
        0.014839956429343298,
        0.023651286703483057,
        0.023649451385577704,
        0.14350419014790694,
        0.15058775273496694,
        0.1555732012234381
    ]
}